,Cl_Parcours1,Cl_Parcours1_NIP_Count,Cl_Parcours1_Mean_dist_Variance
0,0,59,0.4970281136569085
1,1,659,0.01216791538300088
2,2,240,0.11851384692179852
