,Cl_Parcours1,Cl_Parcours1_NIP_Count,Cl_Parcours1_Mean_dist_Variance
0,0,621,0.018578773396532397
1,1,270,0.10555207083306288
2,2,67,0.7694635833467872
