,Cl_P,Cl_P_NIP_Count,Cl_P_Mean_dist_Variance
0,0,497,0.005084917609780004
1,1,11,1.4103775596500348
2,2,62,0.13525832018725445
3,3,23,0.3711201046171024
