,Cl_Parcours1,Cl_Parcours1_NIP_Count,Cl_Parcours1_Mean_dist_Variance
0,0,148,0.35485129475646804
1,1,630,0.039777272276915764
2,2,180,0.2234407685732726
