,Cl_P,Cl_P_NIP_Count,Cl_P_Mean_dist_Variance
0,0,571,8.867300889989965e-05
1,1,18,0.0045537401315930695
2,2,4,0.0006571361021591929
