,Cl_P1,Cl_P1_NIP_Count,Cl_P1_Mean_dist_Variance
0,0,541,0.03007024810592886
1,1,39,0.31740629354235256
2,2,12,0.571554537839298
3,3,1,
