,Cl_T,Cl_T_NIP_Count,Cl_T_Mean_dist_Variance
0,0,175,0.01342893266093914
1,1,188,0.01841207486088153
2,2,1,
3,3,97,0.12575032149551454
4,4,132,0.05107362358116646
