,Cl_P1,Cl_P1_NIP_Count,Cl_P1_Mean_dist_Variance
0,0,520,0.00711327585543509
1,1,59,0.40666884630853556
2,2,13,0.7315946721586414
3,3,1,
