,Cl_P,Cl_P_NIP_Count,Cl_P_Mean_dist_Variance
0,0,18,0.00455374013159304
1,1,571,8.867300889989952e-05
2,2,4,0.0006571361021591929
