,Cl_P4,Cl_P4_NIP_Count,Cl_P4_Mean_dist_Variance
0,0,449,0.008739934872502183
1,1,43,0.6571990089415808
2,2,101,0.1477715564601919
