,Cl_P1,Cl_P1_NIP_Count,Cl_P1_Mean_dist_Variance
0,0,463,0.01711667860400608
1,1,32,0.3374055344772482
2,2,98,0.15602377596393605
