,Cl_P,Cl_P_NIP_Count,Cl_P_Mean_dist_Variance
0,0,428,0.019436980647608734
1,1,121,0.11157086753389064
2,2,44,0.17268456720701036
