,Cl_P,Cl_P_NIP_Count,Cl_P_Mean_dist_Variance
0,0,889,0.010278889633116177
1,1,92,0.4409583815667828
2,2,216,0.16945657697902894
3,3,4,1.8483361780084913
