,Cl_Parcours1,Cl_Parcours1_NIP_Count,Cl_Parcours1_Mean_dist_Variance
0,0,19,0.5293012560215508
1,1,122,0.14844932497299074
2,2,452,0.017106415553581115
