,Cl_P,Cl_P_NIP_Count,Cl_P_Mean_dist_Variance
0,0,124,0.1637903451368261
1,1,303,0.03441856575466386
2,2,60,0.5518905190909021
3,3,106,0.07137895090618564
