,Cl_P,Cl_P_NIP_Count,Cl_P_Mean_dist_Variance
0,0,1096,0.013227512775873605
1,1,77,0.44828268410148536
2,2,28,1.7573968311662538
