,Cl_P1,Cl_P1_NIP_Count,Cl_P1_Mean_dist_Variance
0,0,59,0.40666884630854433
1,1,520,0.0071132758554350375
2,2,13,0.7315946721586414
3,3,1,
