,Cl_P3,Cl_P3_NIP_Count,Cl_P3_Mean_dist_Variance
0,0,512,0.030308251033257363
1,1,56,0.2721185562234054
2,2,25,0.70275022115564
