,Cl_P1,Cl_P1_NIP_Count,Cl_P1_Mean_dist_Variance
0,0,43,0.6571990089415818
1,1,449,0.008739934872502214
2,2,101,0.1477715564601919
