,Cl_P,Cl_P_NIP_Count,Cl_P_Mean_dist_Variance
0,0,804,0.0036235093003193024
1,1,116,0.0
2,2,8,0.8658451320007237
3,3,30,0.4604699726314472
