,Cl_P,Cl_P_NIP_Count,Cl_P_Mean_dist_Variance
0,0,49,0.8190613476808615
1,1,189,0.04465499693294156
2,2,413,0.036697074532278225
3,3,86,0.06787445285136748
4,4,256,0.014219375709541699
5,5,208,0.021906058868725146
