,Cl_P,Cl_P_NIP_Count,Cl_P_Mean_dist_Variance
0,0,490,0.013860595256371172
1,1,79,0.2713220383351559
2,2,96,0.11805970463727128
