,Cl_P,Cl_P_NIP_Count,Cl_P_Mean_dist_Variance
0,0,1358,0.0360750896071596
1,1,236,0.4530926330622583
2,2,419,0.14095280701172716
