,Cl_P,Cl_P_NIP_Count,Cl_P_Mean_dist_Variance
0,0,270,0.0
1,1,248,0.10833037925296772
2,2,545,0.054065088722289205
3,3,138,0.19324140374101403
