,Cl_P,Cl_P_NIP_Count,Cl_P_Mean_dist_Variance
0,0,76,0.36622979658895155
1,1,334,0.059016446641029896
2,2,829,0.006695353737506917
3,3,456,0.025245601889032528
4,4,190,0.06654336770954562
5,5,1803,0.0
6,6,137,0.020998860959745708
7,7,282,0.012904333884922368
