,Cl_P3,Cl_P3_NIP_Count,Cl_P3_Mean_dist_Variance
0,0,99,0.18321046327222526
1,1,47,0.6044655919300809
2,2,447,0.02109373864179125
