,Cl_P,Cl_P_NIP_Count,Cl_P_Mean_dist_Variance
0,0,11,0.02286198771631146
1,1,1,
2,2,3,0.016499835895463992
3,3,1,
4,4,1,
