,Cl_P5,Cl_P5_NIP_Count,Cl_P5_Mean_dist_Variance
0,0,20,0.860365793699203
1,1,301,0.04033628845374818
2,2,55,0.16982395895960864
3,3,217,0.07113118990580398
