,Cl_P,Cl_P_NIP_Count,Cl_P_Mean_dist_Variance
0,0,1556,0.015357978183642708
1,1,274,0.30029525764111226
2,2,183,0.1726224637254373
