,Cl_P,Cl_P_NIP_Count,Cl_P_Mean_dist_Variance
0,0,1002,0.00021781720320008225
1,1,152,0.00905180984700379
2,2,7,0.5990834635028917
3,3,40,0.4441061323928055
