,Cl_P,Cl_P_NIP_Count,Cl_P_Mean_dist_Variance
0,0,1386,0.034247769491807335
1,1,410,0.15590384162986984
2,2,217,0.4264003466435635
