,Cl_T,Cl_T_NIP_Count,Cl_T_Mean_dist_Variance
0,0,9,0.030517732970315355
1,1,522,0.02482360615987166
2,2,438,0.04161385428853877
3,3,581,0.008956855543360351
4,4,263,0.03306485884419124
5,5,200,0.03736936394066387
