,Cl_T,Cl_T_NIP_Count,Cl_T_Mean_dist_Variance
0,0,7,0.0016661567456545407
1,1,6,0.006285140771641039
2,2,3,0.010440910778048942
3,3,1,
