,Cl_T,Cl_T_NIP_Count,Cl_T_Mean_dist_Variance
0,0,246,0.12598243548340696
1,1,508,0.03948123200073193
2,2,446,0.05079873326704329
3,3,1,
