,Cl_T,Cl_T_NIP_Count,Cl_T_Mean_dist_Variance
0,0,1581,0.017922765468518596
1,1,873,0.024972192458985305
2,2,635,0.013945450837045147
3,3,5,0.024492067768142257
4,4,1002,0.006853618332273125
5,5,11,0.03990054276356774
