,Cl_T,Cl_T_NIP_Count,Cl_T_Mean_dist_Variance
0,0,350,0.011220556895555445
1,1,340,0.020536723750860002
2,2,1,
3,3,264,0.0475154343009848
4,4,143,0.03918315450495272
5,5,103,0.03998106192456208
