,Cl_T,Cl_T_NIP_Count,Cl_T_Mean_dist_Variance
0,0,123,0.04224393655687567
1,1,174,0.02506736396694738
2,2,2,0.005356596176856331
3,3,72,0.03323719898902994
4,4,172,0.0071405742335756235
5,5,122,0.03761513378899748
