,Cl_T,Cl_T_NIP_Count,Cl_T_Mean_dist_Variance
0,0,283,0.01786302933221833
1,1,124,0.04014771826865682
2,2,1,
3,3,83,0.04214742938564032
4,4,206,0.048174939201540166
5,5,261,0.011865494777175817
