,Cl_P,Cl_P_NIP_Count,Cl_P_Mean_dist_Variance
0,0,32,0.4228275929745144
1,1,546,0.005056447351999906
2,2,4,1.756110392073742
3,3,11,0.7890567244833211
