,Cl_T,Cl_T_NIP_Count,Cl_T_Mean_dist_Variance
0,0,175,0.01342893266093914
1,1,97,0.12575032149551454
2,2,132,0.05107362358116646
3,3,188,0.01841207486088153
4,4,1,
