,Cl_P,Cl_P_NIP_Count,Cl_P_Mean_dist_Variance
0,0,546,0.005056447351999922
1,1,11,0.7890567244833211
2,2,32,0.4228275929745178
3,3,4,1.756110392073742
