,Cl_P1,Cl_P1_NIP_Count,Cl_P1_Mean_dist_Variance
0,0,98,0.15602377596393469
1,1,463,0.017116678604006143
2,2,32,0.3374055344772482
