,Cl_P4,Cl_P4_NIP_Count,Cl_P4_Mean_dist_Variance
0,0,64,0.3005469070019458
1,1,512,0.015469448612445822
2,2,17,0.9062628416851735
